service_name,name
"ASP.NET State Service","aspnet_state"
"AVCTP service","BthAvctpSvc"
"Active Directory Domain Services","NTDS"
"Active Directory Web Services","ADWS"
"ActiveX Installer (AxInstSV)","AxInstSV"
"AggregationService","AggregationService"
"AllJoyn Router Service","AJRouter"
"App Readiness","AppReadiness"
"AppDynamics.Agent.Coordinator","AppDynamics.Agent.Coordinator_service"
"AppX Deployment Service (AppXSVC)","AppXSvc"
"Application Experience","AeLookupSvc"
"Application Host Helper Service","AppHostSvc"
"Application Identity","AppIDSvc"
"Application Information","Appinfo"
"Application Layer Gateway Service","ALG"
"Application Management","AppMgmt"
"Auto Time Zone Updater","tzautoupdate"
"Azure Backup Workload Coordinator Service","AzureWLBackupCoordinatorSvc"
"Azure Backup Workload Inquiry Service","AzureWLBackupInquirySvc"
"Azure Backup Workload Plugin Service","AzureWLBackupPluginSvc"
"Azure DevOps Server Background Job Agent","TFSJobAgent"
"Azure DevOps Ssh Service","TeamFoundationSshService"
"Azure Network Watcher Agent","AzureNetworkWatcherAgent"
"Azure Pipelines Agent (tfs.Default.agt.KC-TFS-BLD01-P.3.242.0_01)","vstsagent.tfs.Default.agt.KC-TFS-BLD01-P.3.242.0_01"
"Azure Pipelines Agent (tfs.Default.agt.KC-TFS-BLD01-P.3.242.0_02)","vstsagent.tfs.Default.agt.KC-TFS-BLD01-P.3.242.0_02"
"Azure Pipelines Agent (tfs.Default.agt.KC-TFS-BLD01-P.3.242.0_03)","vstsagent.tfs.Default.agt.KC-TFS-BLD01-P.3.242.0_03"
"Azure Pipelines Agent (tfs.Default.agt.KC-TFS-BLD01-P.3.242.0_04)","vstsagent.tfs.Default.agt.KC-TFS-BLD01-P.3.242.0_04"
"Azure Pipelines Agent (tfs.Default.agt.KC-TFS-BLD01-P.3.242.0_05)","vstsagent.tfs.Default.agt.KC-TFS-BLD01-P.3.242.0_05"
"Azure Pipelines Agent (tfs.Default.agt.KC-TFS-BLD01-P.3.242.0_06)","vstsagent.tfs.Default.agt.KC-TFS-BLD01-P.3.242.0_06"
"Azure Pipelines Agent (tfs.Default.agt.KC-TFS-BLD01-P.3.242.0_07)","vstsagent.tfs.Default.agt.KC-TFS-BLD01-P.3.242.0_07"
"Azure Pipelines Agent (tfs.Default.agt.KC-TFS-BLD01-P.3.242.0_08)","vstsagent.tfs.Default.agt.KC-TFS-BLD01-P.3.242.0_08"
"Azure Pipelines Agent (tfs.Default.agt.KC-TFS-BLD01-P.3.242.0_09)","vstsagent.tfs.Default.agt.KC-TFS-BLD01-P.3.242.0_09"
"Azure Pipelines Agent (tfs.Default.agt.KC-TFS-BLD01-P.3.242.0_10)","vstsagent.tfs.Default.agt.KC-TFS-BLD01-P.3.242.0_10"
"Azure Pipelines Agent (tfs.Default.agt.KC-TFS-BLD01-P.3.242.0_11)","vstsagent.tfs.Default.agt.KC-TFS-BLD01-P.3.242.0_11"
"Azure Pipelines Agent (tfs.Default.agt.KC-TFS-BLD01-P.3.242.0_12)","vstsagent.tfs.Default.agt.KC-TFS-BLD01-P.3.242.0_12"
"Azure Pipelines Agent (tfs.Default.agt.KC-TFS-BLD01-P.3.242.0_13)","vstsagent.tfs.Default.agt.KC-TFS-BLD01-P.3.242.0_13"
"Azure Pipelines Agent (tfs.Default.agt.KC-TFS-BLD01-P.3.242.0_14)","vstsagent.tfs.Default.agt.KC-TFS-BLD01-P.3.242.0_14"
"Azure Pipelines Agent (tfs.Default.agt.KC-TFS-BLD01-P.3.242.0_15)","vstsagent.tfs.Default.agt.KC-TFS-BLD01-P.3.242.0_15"
"Azure Pipelines Agent (tfs.Default.agt.KC-TFS-BLD01-P.3.242.0_16)","vstsagent.tfs.Default.agt.KC-TFS-BLD01-P.3.242.0_16"
"Azure Pipelines Agent (tfs.Default.agt.KC-TFS-BLD01-P.3.242.0_17)","vstsagent.tfs.Default.agt.KC-TFS-BLD01-P.3.242.0_17"
"Azure Pipelines Agent (tfs.Default.agt.KC-TFS-BLD01-P.3.242.0_18)","vstsagent.tfs.Default.agt.KC-TFS-BLD01-P.3.242.0_18"
"Azure Pipelines Agent (tfs.Default.agt.KC-TFS-BLD01-P.3.242.0_19)","vstsagent.tfs.Default.agt.KC-TFS-BLD01-P.3.242.0_19"
"Azure Pipelines Agent (tfs.Default.agt.KC-TFS-BLD01-P.3.242.0_20)","vstsagent.tfs.Default.agt.KC-TFS-BLD01-P.3.242.0_20"
"Azure Site Recovery VSS Provider","Azure Site Recovery VSS Provider"
"AzureAttestService","AzureAttestService"
"Background Intelligent Transfer Service","BITS"
"Background Tasks Infrastructure Service","BrokerInfrastructure"
"Base Filtering Engine","BFE"
"BitLocker Drive Encryption Service","BDESVC"
"Bluetooth Audio Gateway Service","BTAGService"
"Bluetooth Support Service","bthserv"
"CNG Key Isolation","KeyIso"
"COM+ Event System","EventSystem"
"COM+ System Application","COMSysApp"
"CPrepSrv","CPrepSrv"
"Capability Access Manager Service","camsvc"
"Certificate Propagation","CertPropSvc"
"Cisco AD Connector","OpenDNS Active Directory Service"
"Claims to Windows Token Service","c2wts"
"Client License Service (ClipSVC)","ClipSVC"
"Cluster Service","ClusSvc"
"Computer Browser","Browser"
"ConfigMgr Task Sequence Agent","smstsmgr"
"Configuration Manager Remote Control","CmRcService"
"Connected Devices Platform Service","CDPSvc"
"Connected User Experiences and Telemetry","DiagTrack"
"CoreMessaging","CoreMessagingRegistrar"
"Credential Manager","VaultSvc"
"Cryptographic Services","CryptSvc"
"DCOM Server Process Launcher","DcomLaunch"
"DFS Namespace","Dfs"
"DFS Replication","DFSR"
"DHCP Client","Dhcp"
"DHCP Server","DHCPServer"
"DNS Client","Dnscache"
"DS Role Server","DsRoleSvc"
"Data Sharing Service","DsSvc"
"DataCollectionPublishingService","DcpSvc"
"Debug Diagnostic Service","DbgSvc"
"Delivery Optimization","DoSvc"
"Dell EMC vProxy Agent","vflragentd"
"DevQuery Background Discovery Broker","DevQueryBroker"
"Device Association Service","DeviceAssociationService"
"Device Install Service","DeviceInstall"
"Device Management Enrollment Service","DmEnrollmentSvc"
"Device Management Wireless Application Protocol (WAP) Push message Routing Service","dmwappushservice"
"Device Setup Manager","DsmSvc"
"Diagnostic Policy Service","DPS"
"Diagnostic Service Host","WdiServiceHost"
"Diagnostic System Host","WdiSystemHost"
"Diagnostics Tracking Service","DiagTrack"
"Distributed Link Tracking Client","TrkWks"
"Distributed Transaction Coordinator","MSDTC"
"Docker Engine","docker"
"Downloaded Maps Manager","MapsBroker"
"Dynatrace OneAgent","Dynatrace OneAgent"
"EFT Server","EFT Server"
"EMC PowerPath Migration Service 6.2.0","EmcPowMig"
"EMC PowerPath Remote Management component","EmcpMgmtComp"
"EMC PowerPath Service 6.2.0","EmcPowSrv"
"Elasticsearch 6.2.4 (elasticsearch-service-x64)","elasticsearch-service-x64"
"Elasticsearch 7.16.3 (WhatsUp)","WhatsUp"
"Embedded Mode","embeddedmode"
"Encrypting File System (EFS)","EFS"
"Enterprise App Management Service","EntAppSvc"
"Extensible Authentication Protocol","EapHost"
"Extensible Authentication Protocol","Eaphost"
"FcSrv","FcSrv"
"File Replication","NtFrs"
"File Server Resource Manager","SrmSvc"
"File Server Storage Reports Manager","SrmReports"
"ForeScout Remote Inspection Service","fsprocsvc"
"ForeScout SecureConnector Service","SecureConnector"
"Function Discovery Provider Host","fdPHost"
"Function Discovery Resource Publication","FDResPub"
"GISvc","GISvc"
"Geolocation Service","lfsvc"
"Google Chrome Elevation Service (GoogleChromeElevationService)","GoogleChromeElevationService"
"Google Update Service (gupdate)","gupdate"
"Google Update Service (gupdatem)","gupdatem"
"Google Updater Internal Service (GoogleUpdaterInternalService132.0.6833.0)","GoogleUpdaterInternalService132.0.6833.0"
"Google Updater Service (GoogleUpdaterService132.0.6833.0)","GoogleUpdaterService132.0.6833.0"
"GraphicsPerfSvc","GraphicsPerfSvc"
"Group Policy Client","gpsvc"
"HV Host Service","HvHost"
"Health Key and Certificate Management","hkmsvc"
"Host Guardian Client Service","HgClientService"
"Host Network Service","hns"
"Human Interface Device Service","hidserv"
"Hyper-V Data Exchange Service","vmickvpexchange"
"Hyper-V Guest Service Interface","vmicguestinterface"
"Hyper-V Guest Shutdown Service","vmicshutdown"
"Hyper-V Heartbeat Service","vmicheartbeat"
"Hyper-V Host Compute Service","vmcompute"
"Hyper-V PowerShell Direct Service","vmicvmsession"
"Hyper-V Remote Desktop Virtualization Service","vmicrdv"
"Hyper-V Time Synchronization Service","vmictimesync"
"Hyper-V Virtual Machine Management","vmms"
"Hyper-V Volume Shadow Copy Requestor","vmicvss"
"IIS Admin Service","IISADMIN"
"IKE and AuthIP IPsec Keying Modules","IKEEXT"
"IP Helper","iphlpsvc"
"IPsec Policy Agent","PolicyAgent"
"IaasVmProvider","IaasVmProvider"
"Idera - Collector smgd_svc_sqldm_admin","idera_swa_deploy_smgd_svc_sqldm_admin"
"Idera - Framework","idera_swa_tomcat"
"Idera - PMDB","idera_swa_postgresql"
"Idera Dashboard Core Service","IderaDashboardCoreService"
"Idera Dashboard Web Application Service","IderaDashboardWebAppService"
"InMage Scout Application Service","InMage Scout Application Service"
"InMage Scout FX Agent","frsvc"
"InMage Scout VX Agent - Sentinel/Outpost","svagents"
"Interactive Services Detection","UI0Detect"
"Internet Connection Sharing (ICS)","SharedAccess"
"Internet Explorer ETW Collector Service","IEEtwCollectorService"
"Intersite Messaging","IsmServ"
"Intune ODJConnector Service","ODJConnectorSvc"
"Ipswitch Service Control Manager","Ipswitch Service Control Manager"
"Ipswitch TFTP Server","TFTPService"
"KDC Proxy Server service (KPS)","KPSSVC"
"Kerberos Key Distribution Center","Kdc"
"KtmRm for Distributed Transaction Coordinator","KtmRm"
"Link-Layer Topology Discovery Mapper","lltdsvc"
"Local Session Manager","LSM"
"Log Collector Service","Log Collector Service"
"Log Management Collector Service","Log Management Collector Service"
"Logstash - F5 LTM AFM Listener","LS_F5_LTM_AFM"
"Logstash - F5 LTM ASM Listener","LS_F5_LTM_ASM"
"Logstash - F5 LTM Bot Defense Listener","LS_F5_LTM_BOTDEF"
"Logstash - F5 LTM Syslog Listener","LS_F5_LTM_Syslog"
"Logstash - FMC Syslog Listener","LS_FMC_Syslog"
"MS-MPI Launch Service","MsMpiLaunchSvc"
"MailMarshal Archiver","MMArchiver"
"MailMarshal Array Manager","MMArrayManager"
"MailMarshal Controller","MMController"
"MailMarshal DMARC Report Import","MMDMARCReport"
"MailMarshal Engine","MMEngine"
"MailMarshal POP3 Server","MMPop3"
"MailMarshal Receiver","MMReceiver"
"MailMarshal Sender","MMSender"
"MailMarshal Syslog","MMSyslog"
"MailMarshal Updater","MMUpdater"
"ManageEngine DataSecurity Plus - DataEngine XNode","ManageEngine DataSecurity Plus - DataEngine XNode"
"ManageEngine DataSecurity Plus","DataSecurity Plus"
"ManageEngineDataSecurityPlus -AgentService","ManageEngineDataSecurityPlus -AgentService"
"Message Queuing","MSMQ"
"Microsoft (R) Diagnostics Hub Standard Collector Service","diagnosticshub.standardcollector.service"
"Microsoft Account Sign-in Assistant","wlidsvc"
"Microsoft App-V Client","AppVClient"
"Microsoft Azure AD Connect Agent Updater","AzureADConnectAgentUpdater"
"Microsoft Dependency Agent","MicrosoftDependencyAgent"
"Microsoft Edge Elevation Service (MicrosoftEdgeElevationService)","MicrosoftEdgeElevationService"
"Microsoft Edge Elevation Service (MicrosoftEdgeElevationService1d9e05147b44084)","MicrosoftEdgeElevationService1d9e05147b44084"
"Microsoft Edge Update Service (edgeupdate)","edgeupdate"
"Microsoft Edge Update Service (edgeupdatem)","edgeupdatem"
"Microsoft Exchange Active Directory Topology","MSExchangeADTopology"
"Microsoft Exchange Anti-spam Update","MSExchangeAntispamUpdate"
"Microsoft Exchange Compliance Audit","MSComplianceAudit"
"Microsoft Exchange Compliance Service","MSExchangeCompliance"
"Microsoft Exchange DAG Management","MSExchangeDagMgmt"
"Microsoft Exchange Diagnostics","MSExchangeDiagnostics"
"Microsoft Exchange EdgeSync","MSExchangeEdgeSync"
"Microsoft Exchange Emergency Mitigation Service","MSExchangeMitigation"
"Microsoft Exchange Frontend Transport","MSExchangeFrontEndTransport"
"Microsoft Exchange Health Manager Recovery","MSExchangeHMRecovery"
"Microsoft Exchange Health Manager","MSExchangeHM"
"Microsoft Exchange IMAP4 Backend","MSExchangeIMAP4BE"
"Microsoft Exchange IMAP4","MSExchangeImap4"
"Microsoft Exchange Information Store","MSExchangeIS"
"Microsoft Exchange Mailbox Assistants","MSExchangeMailboxAssistants"
"Microsoft Exchange Mailbox Replication","MSExchangeMailboxReplication"
"Microsoft Exchange Mailbox Transport Delivery","MSExchangeDelivery"
"Microsoft Exchange Mailbox Transport Submission","MSExchangeSubmission"
"Microsoft Exchange Notifications Broker","MSExchangeNotificationsBroker"
"Microsoft Exchange POP3 Backend","MSExchangePOP3BE"
"Microsoft Exchange POP3","MSExchangePop3"
"Microsoft Exchange RPC Client Access","MSExchangeRPC"
"Microsoft Exchange Replication","MSExchangeRepl"
"Microsoft Exchange Search Host Controller","HostControllerService"
"Microsoft Exchange Search","MSExchangeFastSearch"
"Microsoft Exchange Server Extension for Windows Server Backup","wsbexchange"
"Microsoft Exchange Service Host","MSExchangeServiceHost"
"Microsoft Exchange Throttling","MSExchangeThrottling"
"Microsoft Exchange Transport Log Search","MSExchangeTransportLogSearch"
"Microsoft Exchange Transport","MSExchangeTransport"
"Microsoft Exchange Unified Messaging Call Router","MSExchangeUMCR"
"Microsoft Exchange Unified Messaging","MSExchangeUM"
"Microsoft Filtering Management Service","FMS"
"Microsoft Key Distribution Service","KdsSvc"
"Microsoft Monitoring Agent APM","System Center Management APM"
"Microsoft Monitoring Agent Audit Forwarding","AdtAgent"
"Microsoft Monitoring Agent Azure VM Extension Heartbeat Service","MMAExtensionHeartbeatService"
"Microsoft Monitoring Agent","HealthService"
"Microsoft Passport Container","NgcCtnrSvc"
"Microsoft Passport","NgcSvc"
"Microsoft Policy Platform Local Authority","lpasvc"
"Microsoft Policy Platform Processor","lppsvc"
"Microsoft SQL Server IaaS Agent","SQLIaaSExtension"
"Microsoft SQL Server IaaS Query Service","SQLIaaSExtensionQuery"
"Microsoft SQL Server IaaS Query Service","SqlIaaSExtensionQuery"
"Microsoft Software Shadow Copy Provider","swprv"
"Microsoft Storage Spaces SMP","smphost"
"Microsoft Store Install Service","InstallService"
"Microsoft iSCSI Initiator Service","MSiSCSI"
"Multimedia Class Scheduler","MMCSS"
"Net.Msmq Listener Adapter","NetMsmqActivator"
"Net.Pipe Listener Adapter","NetPipeActivator"
"Net.Tcp Listener Adapter","NetTcpActivator"
"Net.Tcp Port Sharing Service","NetTcpPortSharing"
"Netlogon","Netlogon"
"Network Access Protection Agent","napagent"
"Network Connection Broker","NcbService"
"Network Connections","Netman"
"Network Connectivity Assistant","NcaSvc"
"Network List Service","netprofm"
"Network Location Awareness","NlaSvc"
"Network Policy Server","IAS"
"Network Setup Service","NetSetupSvc"
"Network Store Interface Service","nsi"
"Network Virtualization Service","nvagent"
"New Relic Infrastructure Agent","newrelic-infra"
"New Relic Server Monitor Service","nrsvrmon"
"OctopusDeploy Tentacle","OctopusDeploy Tentacle"
"OctopusDeploy Tentacle: octopus-agent-operations","OctopusDeploy Tentacle: octopus-agent-operations"
"OctopusDeploy Tentacle: tfs-automation-agent-02","OctopusDeploy Tentacle: tfs-automation-agent-02"
"Office  Source Engine","ose"
"Office 64 Source Engine","ose64"
"Offline Files","CscService"
"OpenSSH Authentication Agent","ssh-agent"
"Optimize drives","defragsvc"
"PSEXESVC","PSEXESVC"
"Payments and NFC/SE Manager","SEMgrSvc"
"Performance Counter DLL Host","PerfHost"
"Performance Logs & Alerts","pla"
"Phone Service","PhoneSvc"
"Plug and Play","PlugPlay"
"Portable Device Enumerator Service","WPDBusEnum"
"Power","Power"
"PowerProtect Agent Service","AgentService"
"Precise Alerts Agent","pspu_point_8.7"
"Precise Alerts FocalPoint","pspf_focal_8.7"
"Precise FocalPoint","psin_i3fp_8.7"
"Precise Insight FocalPoint","psis_focal_8.7"
"Precise PMDB FocalPoint","pspw_focal_8.7"
"Precise Report Manager FocalPoint","psfs_focal_8.7"
"Precise Sentry","psin_sentry_8.7"
"Precise TPM FocalPoint","pstp_focal_8.7"
"Precise Web GUI","psin_gui_8.7"
"Precise for SQL Server Collector CH-DBA-SQL10-P$INTERNAL","PssMSSqlCH-DBA-SQL10-P$INTERNAL80"
"Precise for SQL Server Collector PRODINTSQL01$INTERNAL","PssMSSqlPRODINTSQL01$INTERNAL80"
"Precise for SQL Server Collector SRV_PROD_REPORT$SMGREPORT","PssMSSqlSRV_PROD_REPORT$SMGREPORT80"
"Precise for SQL Server Collector SRV_PROD_TRANS$SMGTRANS","PssMSSqlSRV_PROD_TRANS$SMGTRANS80"
"Precise for SQL Server FocalPoint","pssq_focal_8.7"
"Print Spooler","Spooler"
"Printer Extensions and Notifications","PrintNotify"
"Problem Reports and Solutions Control Panel Support","wercplsupport"
"Program Compatibility Assistant Service","PcaSvc"
"Quality Windows Audio Video Experience","QWAVE"
"Quest KACE Agent WatchDog","AMPWatchDog"
"Quest KACE Offline Scheduler","OfflineScheduler"
"Quest KACE One Agent","konea"
"RDS FASTCopy Server (fcopyd)","fcservice.exe"
"RDS Scheduler","repliweb_scheduler_service.exe"
"RDS Server","repliweb_server.exe"
"RPC Endpoint Mapper","RpcEptMapper"
"RPC/HTTP Load Balancing Service","RPCHTTPLBS"
"RabbitMQ","RabbitMQ"
"Radio Management Service","RmSvc"
"RdAgent","RdAgent"
"Remote Access Auto Connection Manager","RasAuto"
"Remote Access Connection Manager","RasMan"
"Remote Desktop Configuration","SessionEnv"
"Remote Desktop Services UserMode Port Redirector","UmRdpService"
"Remote Desktop Services","TermService"
"Remote Packet Capture Protocol v.0 (experimental)","rpcapd"
"Remote Procedure Call (RPC) Locator","RpcLocator"
"Remote Procedure Call (RPC)","RpcSs"
"Remote Registry","RemoteRegistry"
"ReportRunnerService","ReportRunnerService"
"Reprocessing.Themes.DetailsWriter","Reprocessing.Themes.DetailsWriter"
"Resultant Set of Policy Provider","RSoPProv"
"Routing and Remote Access","RemoteAccess"
"SMB Witness","SmbWitness"
"SMG Service Structures Recurring File Import","SMG.Service.Structure.RecurringFileImport"
"SMG.360.Textkey.Writer","SMG.360.Textkey.Writer"
"SMG.ARP.Service","SMG.ARP.Service"
"SMG.AggregatedInsights.Processor","SMG.AggregatedInsights.Processor"
"SMG.Alert.ReplicationConsumer","SMG.Alert.ReplicationConsumer"
"SMG.Audio.Processing.Service","SMG.Audio.Processing.Service"
"SMG.Capture.BrowserInfo.Service","BrowserInfo.Service"
"SMG.CaseManagement.EmailProvider.Service","SMG.CaseManagement.EmailProvider.Service"
"SMG.CaseManagement.Service","SMG.CaseManagement.Service"
"SMG.CaseManagement.Timeline.App","SMG.CaseManagement.Timeline.App"
"SMG.Catalog.Persistence","SMG.Catalog.Persistence"
"SMG.ConnectorProcessor","SMG.ConnectorProcessor"
"SMG.Data.Load.Windows.Service","SMG.Data.Load.Windows.Service"
"SMG.Data.Streaming.ElasticPersistence","SMG.Data.Streaming.ElasticPersistence"
"SMG.Data.Streaming.ElasticPersistence.Replication","SMG.Data.Streaming.ElasticPersistence.Replication"
"SMG.Data.Streaming.ElasticResponseMapper.DataLoad","SMG.Data.Streaming.ElasticResponseMapper.DataLoad"
"SMG.Data.Streaming.ElasticResponseMapper.Streaming","SMG.Data.Streaming.ElasticResponseMapper.Streaming"
"SMG.Data.Streaming.FactEnrichment.DataLoad","SMG.Data.Streaming.FactEnrichment.DataLoad"
"SMG.Data.Streaming.FactEnrichment.Streaming","SMG.Data.Streaming.FactEnrichment.Streaming"
"SMG.Data.Streaming.LegacyTa.ShimWriter","SMG.Data.Streaming.LegacyTa.ShimWriter"
"SMG.Data.Streaming.MissingTaReprocessor","SMG.Data.Streaming.MissingTaReprocessor"
"SMG.Data.Streaming.TabularMapper.DataLoad","SMG.Data.Streaming.TabularMapper.DataLoad"
"SMG.Data.Streaming.TabularMapper.Streaming","SMG.Data.Streaming.TabularMapper.Streaming"
"SMG.Data.Streaming.TextProcessing.DONOTDELETE","SMG.Data.Streaming.TextProcessing.DONOTDELETE"
"SMG.Data.Streaming.TextProcessing.DataLoad","SMG.Data.Streaming.TextProcessing.DataLoad"
"SMG.Data.Streaming.TextProcessing.DataLoad.01","SMG.Data.Streaming.TextProcessing.DataLoad.01"
"SMG.Data.Streaming.TextProcessing.DataLoad.02","SMG.Data.Streaming.TextProcessing.DataLoad.02"
"SMG.Data.Streaming.TextProcessing.DataLoad.03","SMG.Data.Streaming.TextProcessing.DataLoad.03"
"SMG.Data.Streaming.TextProcessing.DataLoad.04","SMG.Data.Streaming.TextProcessing.DataLoad.04"
"SMG.Data.Streaming.TextProcessing.DeadLetter.DataLoad","SMG.Data.Streaming.TextProcessing.DeadLetter.DataLoad"
"SMG.Data.Streaming.TextProcessing.DeadLetter.Streaming","SMG.Data.Streaming.TextProcessing.DeadLetter.Streaming"
"SMG.Data.Streaming.TextProcessing.Streaming","SMG.Data.Streaming.TextProcessing.Streaming"
"SMG.Data.Streaming.TextProcessing.Streaming.01","SMG.Data.Streaming.TextProcessing.Streaming.01"
"SMG.Data.Streaming.TextProcessing.Streaming.02","SMG.Data.Streaming.TextProcessing.Streaming.02"
"SMG.Data.Streaming.TextProcessing.Streaming.03","SMG.Data.Streaming.TextProcessing.Streaming.03"
"SMG.Data.Streaming.TextProcessing.Streaming.04","SMG.Data.Streaming.TextProcessing.Streaming.04"
"SMG.DevOps.Monitor","SMG.DevOps.Monitor"
"SMG.EMS.ConfigurationDetectionManagerService (Instance: 001)","SMG.EMS.ConfigurationDetectionManagerService$001"
"SMG.EMS.ConfigurationDetectionManagerService (Instance: 002)","SMG.EMS.ConfigurationDetectionManagerService$002"
"SMG.EMS.ConfigurationDetectionManagerService (Instance: 003)","SMG.EMS.ConfigurationDetectionManagerService$003"
"SMG.EMS.ConfigurationDetectionManagerService (Instance: 1)","SMG.EMS.ConfigurationDetectionManagerService$1"
"SMG.EMS.ConfigurationDetectionManagerService","SMG.EMS.ConfigurationDetectionManagerService"
"SMG.EMS.EventManagerService (Instance: 00)","SMG.EMS.EventManagerService$00"
"SMG.EMS.EventManagerService (Instance: 000)","SMG.EMS.EventManagerService$000"
"SMG.EMS.EventManagerService (Instance: 001)","SMG.EMS.EventManagerService$001"
"SMG.EMS.EventManagerService (Instance: 002)","SMG.EMS.EventManagerService$002"
"SMG.EMS.EventManagerService (Instance: 003)","SMG.EMS.EventManagerService$003"
"SMG.EMS.EventManagerService (Instance: 004)","SMG.EMS.EventManagerService$004"
"SMG.EMS.EventManagerService (Instance: 005)","SMG.EMS.EventManagerService$005"
"SMG.EMS.EventManagerService","SMG.EMS.EventManagerService"
"SMG.EMS.ImportService","SMG.EMS.ImportService"
"SMG.EMS.MessageShovelService","SMG.EMS.MessageShovelService"
"SMG.EMS.ResponseManagerService","SMG.EMS.ResponseManagerService"
"SMG.EMS.ScheduleManagerService","SMG.EMS.ScheduleManagerService"
"SMG.EMS.SurveyHierarchyBatchService","SMG.EMS.SurveyHierarchyBatchService"
"SMG.EMS.SystemTestRunner","SMG.EMS.SystemTestRunner"
"SMG.EmailProvider.Service","SMG.EmailProvider.Service"
"SMG.Feedback.Gating.Service","SMG.Feedback.Gating.Service"
"SMG.Feedback.QueueProcessor","SMG.Feedback.QueueProcessor"
"SMG.Feedback.etl-calls","SMG.Feedback.etl-calls"
"SMG.FileMover.Service","SMG.FileMover.Service"
"SMG.FileProvider.Service","SMG.FileProvider.Service"
"SMG.HealthCheck.Monitor","SMG.HealthCheck.Monitor"
"SMG.Hierarchy.Service.Changeset.Bulk.Change.Processor","SMG.Hierarchy.Service.Changeset.Bulk.Change.Processor"
"SMG.Hierarchy.Service.Changeset.Changeset.Applicator","SMG.Hierarchy.Service.Changeset.Changeset.Applicator"
"SMG.Hierarchy.Service.Changeset.Graph.PostProcessing","SMG.Hierarchy.Service.Changeset.Graph.PostProcessing"
"SMG.Hierarchy.Service.Changeset.Recurring.File.Processor","SMG.Hierarchy.Service.Changeset.Recurring.File.Processor"
"SMG.Instrumentation.Console","SMG.Instrumentation.Console"
"SMG.PGPService","SMG.PGPService"
"SMG.ProtectedData.Ingestion.Service","SMG.ProtectedData.Ingestion.Service"
"SMG.Publication.Scheduler","SMG.Publication.Scheduler"
"SMG.Publication.Service","SMG.Publication.Service"
"SMG.PushNotifications.Service","SMG.PushNotifications.Service"
"SMG.QueueArchiver.Monitor","SMG.QueueArchiver.Monitor"
"SMG.Reprocessing.ElasticWriter","SMG.Reprocessing.ElasticWriter"
"SMG.Reprocessing.NodeManager","SMG.Reprocessing.NodeManager"
"SMG.Reprocessing.Service","SMG.Reprocessing.Service"
"SMG.RequestProcessingService","SMG.RequestProcessingService"
"SMG.Rosetta.PortalConnectorService","SMG.Rosetta.PortalConnectorService"
"SMG.Rosetta.Sources.Persistence","SMG.Rosetta.Sources.Persistence"
"SMG.Rosetta.StormValidator.Service","SMG.Rosetta.StormValidator.Service"
"SMG.SMS.QueueConsumer","SMG.SMS.QueueConsumer"
"SMG.Scheduler.Service","SMG.Scheduler.Service"
"SMG.Social.ConnectorService","SMG.Social.ConnectorService"
"SMG.Streaming.Trace","SMG.Streaming.Trace"
"SMG.Streaming.Validation.Service","SMG.Streaming.Validation.Service"
"SMG.Text.LegacyCommentsMover.App","SMG.Text.LegacyCommentsMover.App"
"SMG.Text.ThemesAggregator","SMG.Text.ThemesAggregator"
"SMG.TextAnalytics.SentimentCorrection","SMG.TextAnalytics.SentimentCorrection"
"SMG.TextAnalytics.TABLRunner","SMG.TextAnalytics.TABLRunner"
"SMG.Transaction.File.Watcher.App","SMG.Transaction.File.Watcher.App"
"SMG.Transaction.Service (Instance: 001)","SMG.Transaction.Service$001"
"SMG.Transaction.Service (Instance: 002)","SMG.Transaction.Service$002"
"SMG.Transaction.Service (Instance: 003)","SMG.Transaction.Service$003"
"SMG.Transaction.Service (Instance: 004)","SMG.Transaction.Service$004"
"SMG.Transaction.Service (Instance: 005)","SMG.Transaction.Service$005"
"SMG.Transaction.Service (Instance: 006)","SMG.Transaction.Service$006"
"SMG.Transaction.Service","SMG.Transaction.Service"
"SMG.Transaction.Service","smg.transaction.service"
"SMG.TranslationPersistenceService","SMG.TranslationPersistenceService"
"SMG.Utilities.Logging.Monitor (Instance: 001)","SMG.Utilities.Logging.Monitor$001"
"SMG.Utilities.Logging.Monitor (Instance: 002)","SMG.Utilities.Logging.Monitor$002"
"SMG.Utilities.Logging.Monitor (Instance: 003)","SMG.Utilities.Logging.Monitor$003"
"SMG.Utilities.Logging.Monitor (Instance: 1)","SMG.Utilities.Logging.Monitor$1"
"SMG.Utilities.Logging.Monitor (Instance: 2)","SMG.Utilities.Logging.Monitor$2"
"SMG.Utilities.Logging.Monitor","SMG.Utilities.Logging.Monitor"
"SMS Agent Host","CcmExec"
"SNMP Service","SNMP"
"SNMP Trap","SNMPTRAP"
"SQL Active Directory Helper Service","MSSQLServerADHelper100"
"SQL Full-text Filter Daemon Launcher (INTERNAL)","MSSQLFDLauncher$INTERNAL"
"SQL Full-text Filter Daemon Launcher (PDS)","MSSQLFDLauncher$PDS"
"SQL Full-text Filter Daemon Launcher (SMGJOBS)","MSSQLFDLauncher$SMGJOBS"
"SQL Full-text Filter Daemon Launcher (SMGODS)","MSSQLFDLauncher$SMGODS"
"SQL Full-text Filter Daemon Launcher (SMGOPS)","MSSQLFDLauncher$SMGOPS"
"SQL Full-text Filter Daemon Launcher (SMGREPORT)","MSSQLFDLauncher$SMGREPORT"
"SQL Full-text Filter Daemon Launcher (SMGTRANS)","MSSQLFDLauncher$SMGTRANS"
"SQL Full-text Filter Daemon Launcher (SQLEXPRESS)","MSSQLFDLauncher$SQLEXPRESS"
"SQL Server (INTERNAL)","MSSQL$INTERNAL"
"SQL Server (PDS)","MSSQL$PDS"
"SQL Server (SMGJOBS)","MSSQL$SMGJOBS"
"SQL Server (SMGODS)","MSSQL$SMGODS"
"SQL Server (SMGOPS)","MSSQL$SMGOPS"
"SQL Server (SMGREPORT)","MSSQL$SMGREPORT"
"SQL Server (SMGRSS)","MSSQL$SMGRSS"
"SQL Server (SMGSSAS)","MSSQL$SMGSSAS"
"SQL Server (SMGTRANS)","MSSQL$SMGTRANS"
"SQL Server (SQLEXPRESS)","MSSQL$SQLEXPRESS"
"SQL Server Agent (INTERNAL)","SQLAgent$INTERNAL"
"SQL Server Agent (PDS)","SQLAgent$PDS"
"SQL Server Agent (SMGJOBS)","SQLAgent$SMGJOBS"
"SQL Server Agent (SMGODS)","SQLAgent$SMGODS"
"SQL Server Agent (SMGOPS)","SQLAgent$SMGOPS"
"SQL Server Agent (SMGREPORT)","SQLAgent$SMGREPORT"
"SQL Server Agent (SMGRSS)","SQLAgent$SMGRSS"
"SQL Server Agent (SMGSSAS)","SQLAgent$SMGSSAS"
"SQL Server Agent (SMGTRANS)","SQLAgent$SMGTRANS"
"SQL Server Agent (SQLEXPRESS)","SQLAgent$SQLEXPRESS"
"SQL Server Analysis Services (INTERNAL)","MSOLAP$INTERNAL"
"SQL Server Analysis Services (PDS)","MSOLAP$PDS"
"SQL Server Analysis Services (SMGJOBS)","MSOLAP$SMGJOBS"
"SQL Server Analysis Services (SMGODS)","MSOLAP$SMGODS"
"SQL Server Analysis Services (SMGOPS)","MSOLAP$SMGOPS"
"SQL Server Analysis Services (SMGREPORT)","MSOLAP$SMGREPORT"
"SQL Server Analysis Services (SMGSSAS)","MSOLAP$SMGSSAS"
"SQL Server Analysis Services (SMGTRANS)","MSOLAP$SMGTRANS"
"SQL Server Analysis Services (SSASMULTI)","MSOLAP$SSASMULTI"
"SQL Server Analysis Services CEIP (INTERNAL)","SSASTELEMETRY$INTERNAL"
"SQL Server Analysis Services CEIP (PDS)","SSASTELEMETRY$PDS"
"SQL Server Analysis Services CEIP (SMGJOBS)","SSASTELEMETRY$SMGJOBS"
"SQL Server Analysis Services CEIP (SMGODS)","SSASTELEMETRY$SMGODS"
"SQL Server Analysis Services CEIP (SMGOPS)","SSASTELEMETRY$SMGOPS"
"SQL Server Analysis Services CEIP (SMGREPORT)","SSASTELEMETRY$SMGREPORT"
"SQL Server Analysis Services CEIP (SMGSSAS)","SSASTELEMETRY$SMGSSAS"
"SQL Server Analysis Services CEIP (SMGTRANS)","SSASTELEMETRY$SMGTRANS"
"SQL Server Analysis Services CEIP (SSASMULTI)","SSASTELEMETRY$SSASMULTI"
"SQL Server Browser","SQLBrowser"
"SQL Server CEIP service (INTERNAL)","SQLTELEMETRY$INTERNAL"
"SQL Server CEIP service (PDS)","SQLTELEMETRY$PDS"
"SQL Server CEIP service (SMGJOBS)","SQLTELEMETRY$SMGJOBS"
"SQL Server CEIP service (SMGODS)","SQLTELEMETRY$SMGODS"
"SQL Server CEIP service (SMGOPS)","SQLTELEMETRY$SMGOPS"
"SQL Server CEIP service (SMGREPORT)","SQLTELEMETRY$SMGREPORT"
"SQL Server CEIP service (SMGRSS)","SQLTELEMETRY$SMGRSS"
"SQL Server CEIP service (SMGSSAS)","SQLTELEMETRY$SMGSSAS"
"SQL Server CEIP service (SMGTRANS)","SQLTELEMETRY$SMGTRANS"
"SQL Server Integration Services 13.0","MsDtsServer130"
"SQL Server Integration Services 14.0","MsDtsServer140"
"SQL Server Integration Services 15.0","MsDtsServer150"
"SQL Server Integration Services CEIP service 13.0","SSISTELEMETRY130"
"SQL Server Integration Services CEIP service 14.0","SSISTELEMETRY140"
"SQL Server Integration Services CEIP service 15.0","SSISTELEMETRY150"
"SQL Server Integration Services Scale Out Master 14.0","SSISScaleOutMaster140"
"SQL Server Integration Services Scale Out Worker 14.0","SSISScaleOutWorker140"
"SQL Server Reporting Services (INTERNAL)","ReportServer$INTERNAL"
"SQL Server Reporting Services (MSSQLSERVER)","ReportServer"
"SQL Server Reporting Services (SMGOPS)","ReportServer$SMGOPS"
"SQL Server Reporting Services (SQLEXPRESS)","ReportServer$SQLEXPRESS"
"SQL Server Reporting Services","SQLServerReportingServices"
"SQL Server VSS Writer","SQLWriter"
"SQLdm Collection Service (Default)","SQLdmCollectionService$Default"
"SQLdm Management Service (Default)","SQLdmManagementService$Default"
"SQLdm Predictive Analytics Service (Default)","SQLdmPredictiveAnalyticsService$Default"
"SQLdm Rest Service (Default)","SQLdmRegistrationService$Default"
"SSDP Discovery","SSDPSRV"
"Secondary Logon","seclogon"
"Secure Socket Tunneling Protocol Service","SstpSvc"
"Security Accounts Manager","SamSs"
"Sensor Data Service","SensorDataService"
"Sensor Monitoring Service","SensrSvc"
"Sensor Service","SensorService"
"SentryOne Monitoring Service","SQLSentryServer"
"Server","LanmanServer"
"Shared PC Account Manager","shpamsvc"
"Shell Hardware Detection","ShellHWDetection"
"Smart Card Device Enumeration Service","ScDeviceEnum"
"Smart Card Removal Policy","SCPolicySvc"
"Smart Card","SCardSvr"
"Software Protection","sppsvc"
"Special Administration Console Helper","sacsvr"
"Spot Verifier","svsvc"
"State Repository Service","StateRepository"
"Stats Monitor Service","StatsMonitorService"
"Still Image Acquisition Events","WiaRpc"
"Storage Service","StorSvc"
"Storage Tiers Management","TieringEngineService"
"Superfetch","SysMain"
"SurveyBackfillServiceHost","SurveyBackfillServiceHost"
"Symantec Endpoint Protection Local Proxy Service","SepLpsService"
"Symantec Endpoint Protection Scan Service","SepScanService"
"Symantec Endpoint Protection WSC Service","sepWscSvc"
"Symantec Endpoint Protection","SepMasterService"
"Symantec Network Access Control","SNAC"
"SysMain","SysMain"
"System Event Notification Service","SENS"
"System Events Broker","SystemEventsBroker"
"System Guard Runtime Monitor Broker","SgrmBroker"
"TCP/IP NetBIOS Helper","lmhosts"
"Target Manager","TargetMgr"
"Task Scheduler","Schedule"
"Telephony","TapiSrv"
"Telephony","tapisrv"
"TextAnalytics.RealTimeConfigurationEngine","TextAnalytics.RealTimeConfigurationEngine"
"Themes","Themes"
"Thread Ordering Server","THREADORDER"
"Tile Data model server","tiledatamodelsvc"
"Time Broker","TimeBroker"
"Time Broker","TimeBrokerSvc"
"TntDrive Service","TntDriveService"
"Touch Keyboard and Handwriting Panel Service","TabletInputService"
"Tracing Service for Search in Exchange ","SearchExchangeTracing"
"UPnP Device Host","upnphost"
"Update Orchestrator Service for Windows Update","UsoSvc"
"Update Orchestrator Service","UsoSvc"
"User Access Logging Service","UALSVC"
"User Experience Virtualization Service","UevAgentService"
"User Manager","UserManager"
"User Profile Service","ProfSvc"
"VMware Alias Manager and Ticket Service","VGAuthService"
"VMware CAF AMQP Communication Service","VMwareCAFCommAmqpListener"
"VMware CAF Management Agent Service","VMwareCAFManagementAgentHost"
"VMware Physical Disk Helper Service","VMware Physical Disk Helper Service"
"VMware SVGA Helper Service","VM3DService"
"VMware SVGA Helper Service","vm3dservice"
"VMware Snapshot Provider","vmvss"
"VMware Tools","VMTools"
"VSTS Agent (tfs.agt.docker.2.150_12)","vstsagent.tfs.agt.docker.2.150_12"
"Virtual Disk","vds"
"Visual Studio Installer Elevation Service","VSInstallerElevationService"
"Visual Studio Standard Collector Service 150","VSStandardCollectorService150"
"Visual Studio Standard Collector Service","VSStandardCollectorService140"
"Volume Shadow Copy","VSS"
"W3C Logging Service","w3logsvc"
"WMI Performance Adapter","wmiApSrv"
"WalletService","WalletService"
"WarpJITSvc","WarpJITSvc"
"Web Account Manager","TokenBroker"
"Web Deployment Agent Service","MsDepSvc"
"Web Management Service","WMSVC"
"WebClient","WebClient"
"WinHTTP Web Proxy Auto-Discovery Service","WinHttpAutoProxySvc"
"Windows Audio Endpoint Builder","AudioEndpointBuilder"
"Windows Audio","Audiosrv"
"Windows Azure Guest Agent","WindowsAzureGuestAgent"
"Windows Biometric Service","WbioSrvc"
"Windows Camera Frame Server","FrameServer"
"Windows Color System","WcsPlugInService"
"Windows Connection Manager","Wcmsvc"
"Windows Defender Advanced Threat Protection Service","Sense"
"Windows Defender Antivirus Network Inspection Service","WdNisSvc"
"Windows Defender Antivirus Service","WinDefend"
"Windows Defender Firewall","mpssvc"
"Windows Defender Network Inspection Service","WdNisSvc"
"Windows Defender Service","WinDefend"
"Windows Driver Foundation - User-mode Driver Framework","wudfsvc"
"Windows Encryption Provider Host Service","WEPHOSTSVC"
"Windows Error Reporting Service","WerSvc"
"Windows Event Collector","Wecsvc"
"Windows Event Log","EventLog"
"Windows Firewall","MpsSvc"
"Windows Font Cache Service","FontCache"
"Windows Image Acquisition (WIA)","stisvc"
"Windows Insider Service","wisvc"
"Windows Installer","msiserver"
"Windows License Manager Service","LicenseManager"
"Windows Management Instrumentation","Winmgmt"
"Windows Media Player Network Sharing Service","WMPNetworkSvc"
"Windows Mobile Hotspot Service","icssvc"
"Windows Modules Installer","TrustedInstaller"
"Windows Presentation Foundation Font Cache 3.0.0.0","FontCache3.0.0.0"
"Windows Process Activation Service","WAS"
"Windows Push Notifications System Service","WpnService"
"Windows PushToInstall Service","PushToInstall"
"Windows Remote Management (WS-Management)","WinRM"
"Windows Search","WSearch"
"Windows Security Service","SecurityHealthService"
"Windows Store Service (WSService)","WSService"
"Windows Time","W32Time"
"Windows Update Medic Service","WaaSMedicSvc"
"Windows Update","wuauserv"
"Wired AutoConfig","dot3svc"
"Workstation","LanmanWorkstation"
"World Wide Web Publishing Service","W3SVC"
"Xbox Live Auth Manager","XblAuthManager"
"Xbox Live Game Save","XblGameSave"
"dmwappushsvc","dmwappushservice"
"filebeat","filebeat"
"windows_exporter","windows_exporter"
,"Sense"
